rt/ur/Depa,va/l /Arri,,,
1/7/2007,1/7/2007,,,
1/12/2007,1/12/2007,,,
1/16/2007,1/16/2007,,,
1/17/2007,1/17/2007,,,1/12/2007
1/20/2007,1/20/2007,,,1/16/2007
1/27/2007,1/27/2007,,,1/17/2007
1/27/2007,1/27/2007,,,1/20/2007
1/31/2007,2/1/2007,,,1/27/2007
2/12/2007,2/12/2007,,,1/27/2007
2/13/2007,2/13/2007,,,1/31/2007
2/15/2007,2/15/2007,,,2/12/2007
2/20/2007,2/20/2007,,,2/13/2007
2/20/2007,2/20/2007,,,2/15/2007
2/22/2007,2/23/2007,,,2/20/2007
2/27/2007,2/27/2007,,,
2/27/2007,2/27/2007,,,
3/2/2007,3/2/2007,,,
3/11/2007,3/11/2007,,,
3/16/2007,3/16/2007,,,
3/20/2007,3/20/2007,,,
3/20/2007,3/20/2007,,,
3/23/2007,3/24/2007,,,
4/2/2007,4/2/2007,,,
4/6/2007,4/6/2007,,,
4/10/2007,4/10/2007,,,
4/12/2007,4/13/2007,,,
4/18/2007,4/19/2007,,,
4/25/2007,4/26/2007,,,
5/1/2007,5/1/2007,,,
5/4/2007,5/4/2007,,,
5/8/2007,5/8/2007,,,
5/8/2007,5/8/2007,,,
5/10/2007,5/10/2007,,,
5/14/2007,5/14/2007,,,
5/15/2007,5/16/2007,,,
5/17/2007,5/17/2007,,,
5/18/2007,5/19/2007,,,
5/28/2007,5/28/2007,,,
6/1/2007,6/1/2007,,,
6/5/2007,6/5/2007,,,
6/8/2007,6/8/2007,,,
6/12/2007,6/12/2007,,,
6/19/2007,6/20/2007,,,
6/22/2007,6/23/2007,,,
6/23/2007,6/23/2007,,,
6/25/2007,6/25/2007,,,
6/26/2007,6/26/2007,,,
6/28/2007,6/28/2007,,,
7/2/2007,7/3/2007,,,
7/9/2007,7/9/2007,,,
7/12/2007,7/12/2007,,,
7/17/2007,7/17/2007,,,
7/20/2007,7/20/2007,,,
7/20/2007,7/20/2007,,,
7/21/2007,7/22/2007,,,
7/22/2007,7/22/2007,,,
7/22/2007,7/23/2007,,,
7/24/2007,7/25/2007,,,
7/27/2007,7/27/2007,,,
7/30/2007,7/30/2007,,,
7/31/2007,7/31/2007,,,
7/31/2007,7/31/2007,,,
8/4/2007,8/4/2007,,,
8/13/2007,8/13/2007,,,
8/16/2007,8/16/2007,,,
8/17/2007,8/17/2007,,,
8/21/2007,8/21/2007,,,
8/22/2007,8/22/2007,,,
8/27/2007,8/27/2007,,,
8/29/2007,8/29/2007,,,
8/30/2007,8/30/2007,,,
8/30/2007,8/30/2007,,,
9/2/2007,9/3/2007,,,
9/4/2007,9/4/2007,,,
9/4/2007,9/4/2007,,,
9/6/2007,9/6/2007,,,
9/7/2007,9/7/2007,,,
9/7/2007,9/7/2007,,,
9/8/2007,9/8/2007,,,
9/12/2007,9/12/2007,,,
9/12/2007,9/12/2007,,,
9/14/2007,9/14/2007,,,
9/18/2007,9/18/2007,,,
9/25/2007,9/26/2007,,,
9/30/2007,10/1/2007,,,
10/5/2007,10/5/2007,,,
10/12/2007,10/12/2007,,,
10/15/2007,10/15/2007,,,
10/18/2007,10/18/2007,,,
10/19/2007,10/19/2007,,,
10/24/2007,10/24/2007,,,
10/25/2007,10/26/2007,,,
10/26/2007,10/26/2007,,,
10/30/2007,10/30/2007,,,
11/2/2007,11/2/2007,,,
11/6/2007,11/6/2007,,,
11/8/2007,11/9/2007,,,
11/13/2007,11/13/2007,,,
11/13/2007,11/13/2007,,,
11/13/2007,11/14/2007,,,
11/15/2007,11/15/2007,,,
11/17/2007,11/17/2007,,,
11/17/2007,11/17/2007,,,
11/21/2007,11/21/2007,,,
11/26/2007,11/26/2007,,,
11/30/2007,11/30/2007,,,
12/4/2007,12/4/2007,,,
12/4/2007,12/4/2007,,,
12/8/2007,12/9/2007,,,
12/11/2007,12/12/2007,,,
12/13/2007,12/13/2007,,,
12/14/2007,12/14/2007,,,
12/14/2007,12/14/2007,,,
12/14/2007,12/14/2007,,,
12/14/2007,12/15/2007,,,
12/18/2007,12/18/2007,,,
12/19/2007,12/19/2007,,,
12/21/2007,12/21/2007,,,
1/6/2008,1/6/2008,,,
1/11/2008,1/12/2008,,,
1/17/2008,1/17/2008,,,
1/17/2008,1/17/2008,,,
1/17/2008,1/18/2008,,,
1/19/2008,1/19/2008,,,
1/26/2008,1/26/2008,,,
2/1/2008,2/1/2008,,,
2/5/2008,2/5/2008,,,
2/8/2008,2/8/2008,,,
2/13/2008,2/13/2008,,,
2/13/2008,2/13/2008,,,
2/16/2008,2/16/2008,,,
2/24/2008,2/24/2008,,,
2/27/2008,2/27/2008,,,
2/28/2008,2/28/2008,,,
3/1/2008,3/1/2008,,,
3/5/2008,3/5/2008,,,
3/6/2008,3/6/2008,,,
3/8/2008,3/8/2008,,,
3/8/2008,3/8/2008,,,
3/9/2008,3/9/2008,,,
3/9/2008,3/9/2008,,,
3/10/2008,3/10/2008,,,
3/12/2008,3/12/2008,,,
3/13/2008,3/13/2008,,,
3/13/2008,3/14/2008,,,
3/17/2008,3/17/2008,,,
3/21/2008,3/21/2008,,,
3/21/2008,3/21/2008,,,
3/24/2008,3/24/2008,,,
3/28/2008,3/29/2008,,,
4/1/2008,4/1/2008,,,
4/9/2008,4/10/2008,,,
4/15/2008,4/15/2008,,,
4/18/2008,4/18/2008,,,
4/18/2008,4/18/2008,,,
4/28/2008,4/28/2008,,,
4/29/2008,4/29/2008,,,
4/29/2008,4/29/2008,,,
5/3/2008,5/3/2008,,,
5/8/2008,5/8/2008,,,
5/12/2008,5/13/2008,,,
5/17/2008,5/17/2008,,,
5/23/2008,5/23/2008,,,
5/27/2008,5/27/2008,,,
5/29/2008,5/29/2008,,,
5/30/2008,5/30/2008,,,
5/31/2008,5/31/2008,,,
6/3/2008,6/3/2008,,,
6/3/2008,6/4/2008,,,
6/11/2008,6/11/2008,,,
6/11/2008,6/12/2008,,,
6/21/2008,6/21/2008,,,
6/22/2008,6/22/2008,,,
6/22/2008,6/22/2008,,,
6/24/2008,6/24/2008,,,
6/24/2008,6/25/2008,,,
6/29/2008,6/29/2008,,,
6/29/2008,6/30/2008,,,
7/2/2008,7/2/2008,,,
10/21/2008,10/21/2008,,,
11/20/2008,11/20/2008,,,
11/22/2008,11/22/2008,,,
11/22/2008,11/22/2008,,,
12/9/2008,12/9/2008,,,
1/29/2009,1/29/2009,,,
2/28/2009,2/28/2009,,,
3/7/2009,3/7/2009,,,
3/7/2009,3/7/2009,,,
5/7/2009,5/7/2009,,,
7/11/2009,7/11/2009,,,
7/14/2009,7/14/2009,,,
10/19/2009,10/19/2009,,,
11/30/2009,12/1/2009,,,
12/1/2009,12/1/2009,,,
1/1/1900,12/1/2009,,,
1/6/2010,1/6/2010,,,
1/7/2010,1/7/2010,,,
1/13/2010,1/13/2010,,,
1/14/2010,1/14/2010,,,
1/15/2010,1/15/2010,,,
1/15/2010,1/15/2010,,,
2/1/2010,2/1/2010,,,
2/2/2010,2/2/2010,,,
2/2/2010,2/2/2010,,,
2/3/2010,2/3/2010,,,
2/5/2010,2/5/2010,,,
2/5/2010,2/5/2010,,,
2/16/2010,2/16/2010,,,
2/16/2010,2/16/2010,,,
2/18/2010,2/18/2010,,,
2/20/2010,2/20/2010,,,
2/23/2010,2/23/2010,,,
2/25/2010,2/25/2010,,,
2/27/2010,2/27/2010,,,
3/2/2010,3/2/2010,,,
3/4/2010,3/4/2010,,,
3/5/2010,3/5/2010,,,
3/5/2010,3/5/2010,,,
3/25/2010,3/25/2010,,,
3/26/2010,3/27/2010,,,
3/29/2010,3/29/2010,,,
3/29/2010,3/29/2010,,,
4/7/2010,4/7/2010,,,
4/8/2010,4/9/2010,,,
4/19/2010,4/19/2010,,,
4/20/2010,4/20/2010,,,
4/20/2010,4/21/2010,,,
4/29/2010,4/29/2010,,,
4/30/2010,5/1/2010,,,
5/6/2010,5/6/2010,,,
5/13/2010,5/13/2010,,,
5/13/2010,5/13/2010,,,
5/20/2010,5/20/2010,,,
5/22/2010,5/22/2010,,,
5/31/2010,5/31/2010,,,
5/31/2010,5/31/2010,,,
6/2/2010,6/2/2010,,,
6/4/2010,6/4/2010,,,
6/9/2010,6/9/2010,,,
6/9/2010,6/10/2010,,,
6/10/2010,6/10/2010,,,
6/11/2010,6/12/2010,,,
6/17/2010,6/17/2010,,,
6/18/2010,6/19/2010,,,
6/24/2010,6/24/2010,,,
6/24/2010,6/25/2010,,,
7/1/2010,7/1/2010,,,
7/2/2010,7/2/2010,,,
7/7/2010,7/7/2010,,,
7/8/2010,7/9/2010,,,
7/15/2010,7/15/2010,,,
7/16/2010,7/16/2010,,,
7/20/2010,7/20/2010,,,
7/25/2010,7/25/2010,,,
8/2/2010,8/2/2010,,,
8/2/2010,8/2/2010,,,
8/2/2010,8/3/2010,,,
8/8/2010,8/8/2010,,,
8/13/2010,8/14/2010,,,
8/18/2010,8/18/2010,,,
8/18/2010,8/19/2010,,,
8/25/2010,8/25/2010,,,
8/26/2010,8/26/2010,,,
8/30/2010,8/31/2010,,,
9/2/2010,9/3/2010,,,
9/12/2010,9/12/2010,,,
9/13/2010,9/13/2010,,,
9/19/2010,9/19/2010,,,
9/21/2010,9/21/2010,,,
9/27/2010,9/27/2010,,,
9/27/2010,9/27/2010,,,
9/29/2010,9/29/2010,,,
10/18/2010,10/18/2010,,,
10/19/2010,10/19/2010,,,
10/19/2010,10/19/2010,,,
10/24/2010,10/24/2010,,,
10/27/2010,10/27/2010,,,
10/29/2010,10/29/2010,,,
10/29/2010,10/29/2010,,,
11/30/2010,11/30/2010,,,
12/7/2010,12/7/2010,,,
12/13/2010,12/14/2010,,,
12/19/2010,12/20/2010,,,
12/30/2010,12/30/2010,,,
1/6/2011,1/7/2011,,,
1/17/2011,1/17/2011,,,
1/18/2011,1/19/2011,,,
2/6/2011,2/7/2011,,,
2/10/2011,2/10/2011,,,
2/13/2011,2/13/2011,,,
2/14/2011,2/14/2011,,,
2/16/2011,2/17/2011,,,
2/20/2011,2/21/2011,,,
2/26/2011,2/26/2011,,,
3/1/2011,3/1/2011,,,
3/4/2011,3/5/2011,,,
3/10/2011,3/10/2011,,,
3/26/2011,3/26/2011,,,
3/26/2011,3/26/2011,,,
3/27/2011,3/27/2011,,,
3/27/2011,3/27/2011,,,
3/27/2011,3/27/2011,,,
3/28/2011,3/28/2011,,,
3/29/2011,3/30/2011,,,
4/23/2011,4/23/2011,,,
4/26/2011,4/26/2011,,,
4/30/2011,4/30/2011,,,
5/14/2011,5/15/2011,,,
5/20/2011,5/20/2011,,,
5/22/2011,5/22/2011,,,
6/19/2011,6/20/2011,,,
6/26/2011,6/26/2011,,,
6/30/2011,7/1/2011,,,
7/4/2011,7/4/2011,,,
7/9/2011,7/9/2011,,,
7/9/2011,7/10/2011,,,
7/14/2011,7/14/2011,,,
7/16/2011,7/16/2011,,,
7/18/2011,7/18/2011,,,
7/19/2011,7/19/2011,,,
7/20/2011,7/21/2011,,,
7/28/2011,7/28/2011,,,
7/28/2011,7/28/2011,,,
7/29/2011,7/29/2011,,,
8/3/2011,8/3/2011,,,
8/27/2011,8/27/2011,,,
9/4/2011,9/5/2011,,,
9/9/2011,9/9/2011,,,
9/13/2011,9/14/2011,,,
9/17/2011,9/17/2011,,,
10/13/2011,10/13/2011,,,
10/19/2011,10/20/2011,,,
10/30/2011,10/30/2011,,,
11/2/2011,11/2/2011,,,
11/23/2011,11/23/2011,,,
12/1/2011,12/1/2011,,,
12/3/2011,12/3/2011,,,
12/11/2011,12/11/2011,,,
12/13/2011,12/13/2011,,,
12/18/2011,12/19/2011,,,
1/2/2012,1/2/2012,,,
1/8/2012,1/8/2012,,,
1/9/2012,1/9/2012,,,
1/18/2012,1/18/2012,,,
1/24/2012,1/24/2012,,,
1/25/2012,1/25/2012,,,
2/1/2012,2/1/2012,,,
2/2/2012,2/3/2012,,,
3/6/2012,3/6/2012,,,
3/16/2012,3/16/2012,,,
3/18/2012,3/18/2012,,,
3/19/2012,3/19/2012,,,
4/1/2012,4/1/2012,,,
4/11/2012,4/11/2012,,,
4/15/2012,4/15/2012,,,
4/16/2012,4/16/2012,,,
4/19/2012,4/19/2012,,,
5/3/2012,5/3/2012,,,
5/4/2012,5/4/2012,,,
6/3/2012,6/3/2012,,,
6/17/2012,6/17/2012,,,
7/8/2012,7/8/2012,,,
7/21/2012,7/21/2012,,,
7/26/2012,7/26/2012,,,
7/30/2012,7/30/2012,,,
7/30/2012,7/30/2012,,,
8/5/2012,8/5/2012,,,
8/7/2012,8/7/2012,,,
8/19/2012,8/19/2012,,,
8/22/2012,8/22/2012,,,
8/22/2012,8/23/2012,,,
8/26/2012,8/26/2012,,,
9/6/2012,9/6/2012,,,
9/13/2012,9/13/2012,,,
9/18/2012,9/18/2012,,,
9/20/2012,9/20/2012,,,
9/28/2012,9/28/2012,,,
10/1/2012,10/1/2012,,,
10/6/2012,10/6/2012,,,
10/28/2012,10/28/2012,,,
11/15/2012,11/16/2012,,,
11/21/2012,11/21/2012,,,
11/25/2012,11/26/2012,,,
11/26/2012,11/27/2012,,,
12/7/2012,12/7/2012,,,
12/8/2012,12/8/2012,,,
12/14/2012,12/14/2012,,,
1/10/2013,1/10/2013,,,
1/18/2013,1/18/2013,,,
1/21/2013,1/21/2013,,,
1/25/2013,1/25/2013,,,
1/27/2013,1/27/2013,,,
1/27/2013,1/28/2013,,,
2/7/2013,2/7/2013,,,
2/14/2013,2/14/2013,,,
2/16/2013,2/16/2013,,,
2/18/2013,2/18/2013,,,
2/22/2013,2/23/2013,,,
2/25/2013,2/25/2013,,,
2/27/2013,2/27/2013,,,
3/1/2013,3/1/2013,,,
3/3/2013,3/4/2013,,,
3/19/2013,3/19/2013,,,
3/22/2013,3/22/2013,,,
3/31/2013,3/31/2013,,,
3/31/2013,3/31/2013,,,
4/5/2013,4/5/2013,,,
4/21/2013,4/21/2013,,,
4/25/2013,4/25/2013,,,
4/25/2013,4/25/2013,,,
4/25/2013,4/25/2013,,,
4/29/2013,4/30/2013,,,
5/1/2013,5/1/2013,,,
5/6/2013,5/7/2013,,,
5/12/2013,5/12/2013,,,
5/15/2013,5/15/2013,,,
5/22/2013,5/22/2013,,,
5/24/2013,5/24/2013,,,
5/25/2013,5/25/2013,,,
6/3/2013,6/3/2013,,,
6/7/2013,6/7/2013,,,
6/15/2013,6/15/2013,,,
6/24/2013,6/24/2013,,,
6/28/2013,6/28/2013,,,
6/28/2013,6/29/2013,,,
7/17/2013,7/17/2013,,,
7/19/2013,7/19/2013,,,
7/19/2013,7/20/2013,,,
7/20/2013,7/20/2013,,,
7/25/2013,7/25/2013,,,
7/27/2013,7/27/2013,,,
8/1/2013,8/1/2013,,,
8/3/2013,8/3/2013,,,
8/4/2013,8/4/2013,,,
8/7/2013,8/7/2013,,,
8/7/2013,8/8/2013,,,
8/9/2013,8/9/2013,,,
8/21/2013,8/22/2013,,,
8/23/2013,8/24/2013,,,
9/4/2013,9/4/2013,,,
9/8/2013,9/8/2013,,,
9/8/2013,9/9/2013,,,
9/19/2013,9/19/2013,,,
9/19/2013,9/19/2013,,,
9/19/2013,9/19/2013,,,
9/19/2013,9/19/2013,,,
9/19/2013,9/19/2013,,,
9/27/2013,9/27/2013,,,
9/27/2013,9/28/2013,,,
9/30/2013,9/30/2013,,,
10/3/2013,10/3/2013,,,
10/3/2013,10/3/2013,,,
10/17/2013,10/17/2013,,,
10/17/2013,10/18/2013,,,
10/21/2013,10/21/2013,,,
10/25/2013,10/25/2013,,,
10/25/2013,10/26/2013,,,
11/2/2013,11/2/2013,,,
11/3/2013,11/3/2013,,,
11/5/2013,11/5/2013,,,
11/8/2013,11/9/2013,,,
11/8/2013,11/8/2013,,,
11/8/2013,11/8/2013,,,
11/15/2013,11/15/2013,,,
11/23/2013,11/23/2013,,,
11/24/2013,11/25/2013,,,
11/29/2013,11/30/2013,,,
12/1/2013,12/2/2013,,,
12/2/2013,12/2/2013,,,
12/3/2013,12/3/2013,,,
12/5/2013,12/5/2013,,,
12/6/2013,12/6/2013,,,
12/7/2013,12/7/2013,,,
12/11/2013,12/11/2013,,,
12/12/2013,12/12/2013,,,
12/14/2013,12/14/2013,,,
12/14/2013,12/14/2013,,,
12/15/2013,12/15/2013,,,
12/21/2013,12/21/2013,,,
12/21/2013,12/21/2013,,,
12/21/2013,12/21/2013,,,
12/23/2013,12/23/2013,,,
12/26/2013,12/26/2013,,,
12/27/2013,12/28/2013,,,
12/31/2013,12/31/2013,,,
1/1/2014,1/1/2014,,,
1/2/2014,1/3/2014,,,
1/7/2014,1/7/2014,,,
1/7/2014,1/7/2014,,,
1/11/2014,1/11/2014,,,
1/25/2014,1/25/2014,,,
1/26/2014,1/26/2014,,,
1/26/2014,1/26/2014,,,
1/26/2014,1/26/2014,,,
2/7/2014,2/7/2014,,,
2/12/2014,2/12/2014,,,
2/21/2014,2/21/2014,,,
2/22/2014,2/22/2014,,,
2/23/2014,2/23/2014,,,
3/1/2014,3/1/2014,,,
3/2/2014,3/3/2014,,,
3/2/2014,3/2/2014,,,
3/3/2014,3/3/2014,,,
3/4/2014,3/4/2014,,,
3/12/2014,3/12/2014,,,
3/12/2014,3/12/2014,,,
3/14/2014,3/14/2014,,,
3/14/2014,3/15/2014,,,
3/16/2014,3/16/2014,,,
3/17/2014,3/17/2014,,,
3/20/2014,3/20/2014,,,
3/21/2014,3/21/2014,,,
3/23/2014,3/23/2014,,,
3/24/2014,3/24/2014,,,
3/26/2014,3/26/2014,,,
3/27/2014,3/27/2014,,,
4/3/2014,4/3/2014,,,
4/4/2014,4/4/2014,,,
4/5/2014,4/6/2014,,,
4/7/2014,4/7/2014,,,
4/8/2014,4/9/2014,,,
4/16/2014,4/16/2014,,,
4/20/2014,4/20/2014,,,
4/21/2014,4/21/2014,,,
4/21/2014,4/21/2014,,,
5/7/2014,5/7/2014,,,
5/8/2014,5/8/2014,,,
5/8/2014,5/9/2014,,,
5/11/2014,5/11/2014,,,
5/17/2014,5/17/2014,,,
5/19/2014,5/19/2014,,,
5/24/2014,5/24/2014,,,
5/26/2014,5/26/2014,,,
5/31/2014,5/31/2014,,,
6/3/2014,6/3/2014,,,
6/4/2014,6/4/2014,,,
6/6/2014,6/7/2014,,,
6/6/2014,6/6/2014,,,
6/8/2014,6/8/2014,,,
6/9/2014,6/9/2014,,,
6/10/2014,6/10/2014,,,
6/17/2014,6/17/2014,,,
6/19/2014,6/19/2014,,,
6/21/2014,6/21/2014,,,
6/21/2014,6/22/2014,,,
6/24/2014,6/24/2014,,,
6/25/2014,6/25/2014,,,
6/29/2014,6/29/2014,,,
7/10/2014,7/10/2014,,,
7/11/2014,7/11/2014,,,
7/12/2014,7/13/2014,,,
7/17/2014,7/17/2014,,,
7/20/2014,7/21/2014,,,
7/23/2014,7/23/2014,,,
7/25/2014,7/25/2014,,,
7/25/2014,7/25/2014,,,
7/27/2014,7/27/2014,,,
8/1/2014,8/1/2014,,,
8/13/2014,8/14/2014,,,
8/14/2014,8/15/2014,,,
8/14/2014,8/14/2014,,,
8/18/2014,8/18/2014,,,
8/18/2014,8/18/2014,,,
8/19/2014,8/19/2014,,,
8/19/2014,8/19/2014,,,
8/19/2014,8/19/2014,,,
8/21/2014,8/21/2014,,,
8/21/2014,8/21/2014,,,
8/21/2014,8/21/2014,,,
8/23/2014,8/23/2014,,,
8/23/2014,8/23/2014,,,
8/28/2014,8/28/2014,,,
8/30/2014,8/30/2014,,,
9/1/2014,9/1/2014,,,
9/7/2014,9/7/2014,,,
9/7/2014,9/7/2014,,,
9/14/2014,9/14/2014,,,
9/14/2014,9/14/2014,,,
9/20/2014,9/20/2014,,,
9/21/2014,9/21/2014,,,
9/21/2014,9/21/2014,,,
9/26/2014,9/26/2014,,,
9/26/2014,9/26/2014,,,
10/3/2014,10/3/2014,,,
10/8/2014,10/8/2014,,,
10/8/2014,10/8/2014,,,
10/10/2014,10/10/2014,,,
10/13/2014,10/13/2014,,,
10/13/2014,10/13/2014,,,
10/16/2014,10/17/2014,,,
10/20/2014,10/20/2014,,,
10/23/2014,10/23/2014,,,
10/26/2014,10/26/2014,,,
10/28/2014,10/28/2014,,,
10/29/2014,10/29/2014,,,
10/29/2014,10/29/2014,,,
10/31/2014,11/1/2014,,,
11/7/2014,11/7/2014,,,
11/8/2014,11/8/2014,,,
11/12/2014,11/12/2014,,,
11/14/2014,11/15/2014,,,
11/19/2014,11/19/2014,,,
11/22/2014,11/23/2014,,,
11/22/2014,11/22/2014,,,
11/24/2014,11/24/2014,,,
11/25/2014,11/25/2014,,,
11/29/2014,11/29/2014,,,
11/30/2014,11/30/2014,,,
12/1/2014,12/1/2014,,,
12/5/2014,12/6/2014,,,
12/9/2014,12/9/2014,,,
12/24/2014,12/24/2014,,,
12/27/2014,12/27/2014,,,
1/14/2015,1/14/2015,,,
1/20/2015,1/20/2015,,,
1/21/2015,1/21/2015,,,
1/24/2015,1/25/2015,,,
1/30/2015,1/31/2015,,,
2/2/2015,2/3/2015,,,
2/3/2015,2/3/2015,,,
2/4/2015,2/4/2015,,,
2/5/2015,2/5/2015,,,
2/12/2015,2/12/2015,,,
2/13/2015,2/13/2015,,,
2/18/2015,2/18/2015,,,
2/20/2015,2/20/2015,,,
2/21/2015,2/21/2015,,,
2/26/2015,2/26/2015,,,
2/27/2015,2/27/2015,,,
2/28/2015,2/28/2015,,,
3/1/2015,3/1/2015,,,
3/9/2015,3/9/2015,,,
3/14/2015,3/14/2015,,,
3/15/2015,3/15/2015,,,
3/17/2015,3/17/2015,,,
3/21/2015,3/22/2015,,,
3/22/2015,3/22/2015,,,
3/22/2015,3/22/2015,,,
3/23/2015,3/23/2015,,,
3/24/2015,3/24/2015,,,
3/26/2015,3/27/2015,,,
4/3/2015,4/3/2015,,,
4/3/2015,4/3/2015,,,
4/6/2015,4/6/2015,,,
4/9/2015,4/9/2015,,,
4/11/2015,4/11/2015,,,
4/18/2015,4/18/2015,,,
4/20/2015,4/20/2015,,,
4/20/2015,4/20/2015,,,
4/24/2015,4/24/2015,,,
4/24/2015,4/24/2015,,,
4/28/2015,4/28/2015,,,
4/30/2015,4/30/2015,,,
5/2/2015,5/2/2015,,,
5/5/2015,5/5/2015,,,
5/5/2015,5/5/2015,,,
5/7/2015,5/7/2015,,,
5/8/2015,5/8/2015,,,
5/8/2015,5/8/2015,,,
5/11/2015,5/11/2015,,,
5/18/2015,5/18/2015,,,
5/20/2015,5/20/2015,,,
5/20/2015,5/20/2015,,,
5/23/2015,5/23/2015,,,
5/26/2015,5/26/2015,,,
6/1/2015,6/1/2015,,,
6/4/2015,6/4/2015,,,
6/5/2015,6/5/2015,,,
6/8/2015,6/8/2015,,,
6/9/2015,6/9/2015,,,
6/10/2015,6/10/2015,,,
6/12/2015,6/12/2015,,,
6/17/2015,6/17/2015,,,
6/18/2015,6/18/2015,,,
6/18/2015,6/18/2015,,,
6/20/2015,6/20/2015,,,
6/21/2015,6/21/2015,,,
6/22/2015,6/22/2015,,,
6/26/2015,6/26/2015,,,
6/28/2015,6/28/2015,,,
6/30/2015,6/30/2015,,,
7/9/2015,1/1/1900,,,
7/9/2015,7/9/2015,,,
7/11/2015,7/11/2015,,,
7/19/2015,7/19/2015,,,
7/22/2015,7/22/2015,,,
7/24/2015,7/24/2015,,,
7/29/2015,7/29/2015,,,
7/31/2015,7/31/2015,,,
8/2/2015,8/2/2015,,,
8/3/2015,8/3/2015,,,
8/4/2015,8/4/2015,,,
8/8/2015,8/8/2015,,,
8/15/2015,8/15/2015,,,
8/19/2015,8/20/2015,,,
8/22/2015,8/23/2015,,,
8/27/2015,8/27/2015,,,
8/29/2015,8/29/2015,,,
8/31/2015,8/31/2015,,,
9/1/2015,9/2/2015,,,
9/4/2015,9/4/2015,,,
9/5/2015,9/5/2015,,,
9/7/2015,9/7/2015,,,
9/13/2015,9/13/2015,,,
9/16/2015,9/16/2015,,,
9/16/2015,9/17/2015,,,
9/26/2015,9/27/2015,,,
10/5/2015,10/5/2015,,,
10/9/2015,10/9/2015,,,
10/12/2015,10/13/2015,,,
10/16/2015,10/16/2015,,,
10/17/2015,10/17/2015,,,
10/20/2015,10/20/2015,,,
10/23/2015,10/24/2015,,,
10/24/2015,10/24/2015,,,
10/25/2015,10/25/2015,,,
10/29/2015,10/29/2015,,,
11/2/2015,11/2/2015,,,
11/4/2015,11/4/2015,,,
11/6/2015,11/7/2015,,,
11/7/2015,11/7/2015,,,
11/13/2015,11/13/2015,,,
11/18/2015,11/18/2015,,,
11/18/2015,11/18/2015,,,
11/19/2015,11/19/2015,,,
11/20/2015,11/20/2015,,,
11/20/2015,11/21/2015,,,
11/24/2015,11/24/2015,,,
11/25/2015,11/25/2015,,,
11/25/2015,11/26/2015,,,
11/29/2015,11/29/2015,,,
12/2/2015,12/2/2015,,,
12/4/2015,12/4/2015,,,
12/5/2015,12/5/2015,,,
12/5/2015,12/6/2015,,,
12/14/2015,12/14/2015,,,
12/16/2015,12/17/2015,,,
12/27/2015,12/27/2015,,,
12/28/2015,12/28/2015,,,
1/4/2016,1/4/2016,,,
1/7/2016,1/8/2016,,,
1/13/2016,1/13/2016,,,
1/13/2016,1/13/2016,,,
1/14/2016,1/14/2016,,,
1/16/2016,1/16/2016,,,
1/20/2016,1/20/2016,,,
1/20/2016,1/20/2016,,,
1/27/2016,1/27/2016,,,
1/29/2016,1/29/2016,,,
2/2/2016,2/3/2016,,,
2/7/2016,2/7/2016,,,
2/8/2016,2/8/2016,,,
2/8/2016,2/8/2016,,,
2/12/2016,2/12/2016,,,
2/15/2016,2/15/2016,,,
2/16/2016,2/16/2016,,,
2/16/2016,2/16/2016,,,
2/20/2016,2/20/2016,,,
2/26/2016,2/26/2016,,,
3/1/2016,3/1/2016,,,
3/3/2016,3/3/2016,,,
3/3/2016,3/3/2016,,,
3/4/2016,3/4/2016,,,
3/4/2016,3/5/2016,,,
3/5/2016,3/5/2016,,,
3/5/2016,3/5/2016,,,
3/6/2016,3/6/2016,,,
3/10/2016,3/10/2016,,,
3/16/2016,3/16/2016,,,
3/22/2016,3/22/2016,,,
3/26/2016,3/26/2016,,,
3/26/2016,3/26/2016,,,
3/26/2016,3/26/2016,,,
3/28/2016,3/29/2016,,,
3/29/2016,3/29/2016,,,
3/31/2016,3/31/2016,,,
4/1/2016,4/1/2016,,,
4/2/2016,4/2/2016,,,
4/5/2016,4/5/2016,,,
4/7/2016,4/7/2016,,,
4/8/2016,4/8/2016,,,
4/9/2016,4/9/2016,,,
4/10/2016,4/10/2016,,,
4/23/2016,4/23/2016,,,
4/25/2016,4/25/2016,,,
4/29/2016,4/29/2016,,,
4/30/2016,4/30/2016,,,
4/30/2016,4/30/2016,,,
5/2/2016,5/2/2016,,,
5/7/2016,5/7/2016,,,
5/10/2016,5/10/2016,,,
5/17/2016,5/18/2016,,,
5/20/2016,5/21/2016,,,
5/25/2016,5/25/2016,,,
5/28/2016,5/28/2016,,,
5/29/2016,5/29/2016,,,
6/1/2016,6/1/2016,,,
6/5/2016,6/5/2016,,,
6/8/2016,6/9/2016,,,
6/16/2016,6/17/2016,,,
6/24/2016,6/24/2016,,,
6/30/2016,6/30/2016,,,
7/7/2016,7/8/2016,,,
7/9/2016,7/9/2016,,,
7/9/2016,7/9/2016,,,
7/10/2016,7/10/2016,,,
7/11/2016,7/11/2016,,,
7/14/2016,7/14/2016,,,
7/19/2016,7/20/2016,,,
7/24/2016,7/24/2016,,,
7/24/2016,7/24/2016,,,
7/29/2016,7/29/2016,,,
8/2/2016,8/2/2016,,,
8/5/2016,8/5/2016,,,
8/6/2016,8/6/2016,,,
8/6/2016,8/6/2016,,,
8/9/2016,8/9/2016,,,
8/17/2016,8/17/2016,,,
8/18/2016,8/18/2016,,,
8/18/2016,8/19/2016,,,
8/22/2016,8/22/2016,,,
8/28/2016,8/28/2016,,,
8/31/2016,8/31/2016,,,
9/4/2016,9/4/2016,,,
9/4/2016,9/4/2016,,,
9/8/2016,9/8/2016,,,
9/10/2016,9/10/2016,,,
9/16/2016,9/16/2016,,,
9/17/2016,9/17/2016,,,
9/17/2016,9/17/2016,,,
9/25/2016,9/25/2016,,,
10/2/2016,10/2/2016,,,
10/9/2016,10/9/2016,,,
10/11/2016,10/11/2016,,,
10/15/2016,10/15/2016,,,
10/19/2016,10/20/2016,,,
10/26/2016,10/26/2016,,,
10/28/2016,10/28/2016,,,
11/11/2016,11/11/2016,,,
11/14/2016,11/15/2016,,,
11/23/2016,11/23/2016,,,
11/29/2016,11/29/2016,,,
12/1/2016,12/1/2016,,,
12/2/2016,12/2/2016,,,
12/2/2016,12/3/2016,,,
12/11/2016,12/11/2016,,,
12/12/2016,12/12/2016,,,
12/16/2016,12/17/2016,,,
12/29/2016,12/29/2016,,,
1/2/2017,1/2/2017,,,
1/5/2017,1/5/2017,,,
1/9/2017,1/9/2017,,,
1/13/2017,1/13/2017,,,
1/13/2017,1/13/2017,,,
1/20/2017,1/20/2017,,,
1/21/2017,1/21/2017,,,
1/21/2017,1/22/2017,,,
1/23/2017,1/23/2017,,,
1/27/2017,1/27/2017,,,
1/29/2017,1/29/2017,,,
1/29/2017,1/29/2017,,,
2/2/2017,2/2/2017,,,
2/2/2017,2/2/2017,,,
2/6/2017,2/6/2017,,,
2/9/2017,2/9/2017,,,
2/12/2017,2/13/2017,,,
2/17/2017,2/17/2017,,,
2/24/2017,1/1/1900,,,
2/24/2017,2/24/2017,,,
2/26/2017,2/26/2017,,,
2/26/2017,2/26/2017,,,
2/27/2017,2/27/2017,,,
2/28/2017,3/1/2017,,,
3/5/2017,3/5/2017,,,
3/11/2017,3/11/2017,,,
3/11/2017,3/11/2017,,,
3/17/2017,3/17/2017,,,
3/20/2017,3/20/2017,,,
3/25/2017,3/25/2017,,,
3/26/2017,3/26/2017,,,
3/27/2017,3/27/2017,,,
3/27/2017,3/27/2017,,,
3/30/2017,3/30/2017,,,
4/6/2017,4/7/2017,,,
5/20/2017,5/20/2017,,,
5/29/2017,5/30/2017,,,
6/3/2017,6/3/2017,,,
6/3/2017,6/3/2017,,,
6/7/2017,6/7/2017,,,
6/9/2017,6/9/2017,,,
6/13/2017,6/13/2017,,,
6/13/2017,6/13/2017,,,
6/17/2017,6/17/2017,,,
6/25/2017,6/25/2017,,,
6/29/2017,6/29/2017,,,
6/30/2017,6/30/2017,,,
6/30/2017,6/30/2017,,,
7/2/2017,7/2/2017,,,
7/11/2017,7/11/2017,,,
7/13/2017,7/13/2017,,,
7/13/2017,7/13/2017,,,
7/16/2017,7/16/2017,,,
7/20/2017,7/20/2017,,,
7/21/2017,7/22/2017,,,
7/24/2017,7/24/2017,,,
8/2/2017,8/2/2017,,,
3/8/2018,3/8/2018,,,
3/12/2018,3/12/2018,,,
3/15/2018,3/15/2018,,,
3/16/2018,3/16/2018,,,
3/20/2018,3/20/2018,,,
3/22/2018,3/22/2018,,,
3/25/2018,3/25/2018,,,
3/25/2018,3/25/2018,,,
3/27/2018,3/27/2018,,,
3/27/2018,3/28/2018,,,
3/29/2018,3/29/2018,,,
3/31/2018,3/31/2018,,,
4/9/2018,4/9/2018,,,
4/13/2018,4/13/2018,,,
4/20/2018,4/20/2018,,,
4/20/2018,4/21/2018,,,
4/26/2018,4/26/2018,,,
5/10/2018,5/10/2018,,,
5/13/2018,5/13/2018,,,
5/22/2018,5/22/2018,,,
5/22/2018,5/23/2018,,,
5/27/2018,5/27/2018,,,
5/27/2018,5/27/2018,,,
6/2/2018,6/2/2018,,,
6/2/2018,6/3/2018,,,
6/8/2018,6/8/2018,,,
6/9/2018,6/9/2018,,,
6/12/2018,6/12/2018,,,
6/15/2018,6/15/2018,,,
6/15/2018,6/15/2018,,,
6/17/2018,6/17/2018,,,
6/20/2018,6/20/2018,,,
6/27/2018,6/27/2018,,,
6/30/2018,6/30/2018,,,
7/8/2018,7/8/2018,,,
7/10/2018,7/10/2018,,,
7/13/2018,7/13/2018,,,
7/16/2018,7/16/2018,,,
7/21/2018,7/21/2018,,,
7/29/2018,7/29/2018,,,
7/31/2018,7/31/2018,,,
9/27/2018,9/27/2018,,,
9/29/2018,9/29/2018,,,
9/30/2018,10/1/2018,,,
10/11/2018,10/11/2018,,,
10/11/2018,10/11/2018,,,
10/12/2018,10/12/2018,,,
10/15/2018,10/15/2018,,,
10/15/2018,10/15/2018,,,
10/15/2018,10/15/2018,,,
10/16/2018,10/16/2018,,,
10/19/2018,10/20/2018,,,
10/28/2018,10/28/2018,,,
10/30/2018,10/30/2018,,,
11/2/2018,11/2/2018,,,
11/11/2018,11/11/2018,,,
11/12/2018,11/13/2018,,,
11/19/2018,11/19/2018,,,
11/20/2018,11/20/2018,,,
11/25/2018,11/25/2018,,,
11/28/2018,11/28/2018,,,
12/2/2018,12/2/2018,,,
12/2/2018,12/3/2018,,,
12/5/2018,12/5/2018,,,
12/10/2018,12/10/2018,,,
12/14/2018,12/14/2018,,,
12/20/2018,12/20/2018,,,
1/6/2019,1/6/2019,,,
1/8/2019,1/8/2019,,,
1/12/2019,1/12/2019,,,
1/13/2019,1/13/2019,,,
1/13/2019,1/13/2019,,,
1/16/2019,1/16/2019,,,
1/22/2019,1/22/2019,,,
1/30/2019,1/30/2019,,,
2/4/2019,2/4/2019,,,
2/6/2019,2/6/2019,,,
2/8/2019,2/8/2019,,,
2/13/2019,2/13/2019,,,
2/16/2019,2/16/2019,,,
2/19/2019,2/19/2019,,,
2/19/2019,2/19/2019,,,
2/24/2019,2/24/2019,,,
3/2/2019,3/2/2019,,,
3/8/2019,3/8/2019,,,
3/11/2019,3/11/2019,,,
3/14/2019,3/14/2019,,,
3/15/2019,3/15/2019,,,
3/17/2019,3/18/2019,,,
3/18/2019,3/18/2019,,,
3/18/2019,3/18/2019,,,
3/19/2019,3/19/2019,,,
4/2/2019,4/2/2019,,,
4/7/2019,4/7/2019,,,
4/9/2019,4/9/2019,,,
4/14/2019,4/14/2019,,,
4/16/2019,4/16/2019,,,
4/19/2019,4/19/2019,,,
4/28/2019,4/28/2019,,,
4/30/2019,4/30/2019,,,
5/5/2019,5/5/2019,,,
5/8/2019,5/8/2019,,,
